<?xml version="1.0" encoding="utf-8"?>
<databaseChangeLog
    xmlns="http://www.liquibase.org/xml/ns/dbchangelog"
    xmlns:xsi="http://www.w3.org/2001/XMLSchema-instance"
    xsi:schemaLocation="http://www.liquibase.org/xml/ns/dbchangelog http://www.liquibase.org/xml/ns/dbchangelog/dbchangelog-3.4.xsd">

    <include file="classpath:config/liquibase/changelog/00000000000000_initial_schema.xml" relativeToChangelogFile="false"/>
    <include file="classpath:config/liquibase/changelog/20161020165153_added_entity_Grade.xml" relativeToChangelogFile="false"/>
    <include file="classpath:config/liquibase/changelog/20161020165154_added_entity_Instructor.xml" relativeToChangelogFile="false"/>
    <include file="classpath:config/liquibase/changelog/20161020165155_added_entity_Submission.xml" relativeToChangelogFile="false"/>
    <include file="classpath:config/liquibase/changelog/20161020165156_added_entity_Student.xml" relativeToChangelogFile="false"/>
    <include file="classpath:config/liquibase/changelog/20161020165157_added_entity_Homework.xml" relativeToChangelogFile="false"/>
    <include file="classpath:config/liquibase/changelog/20161020170530_added_entity_Submission.xml" relativeToChangelogFile="false"/>
    <!-- jhipster-needle-liquibase-add-changelog - JHipster will add liquibase changelogs here -->
    <include file="classpath:config/liquibase/changelog/20161020165153_added_entity_constraints_Grade.xml" relativeToChangelogFile="false"/>
    <include file="classpath:config/liquibase/changelog/20161020165155_added_entity_constraints_Submission.xml" relativeToChangelogFile="false"/>
    <include file="classpath:config/liquibase/changelog/20161020170530_added_entity_constraints_Submission.xml" relativeToChangelogFile="false"/>
    <!-- jhipster-needle-liquibase-add-constraints-changelog - JHipster will add liquibase constraints changelogs here -->
</databaseChangeLog>
